<?xml version="1.0" encoding="UTF-8" standalone="no"?>
<project default="create_run_jar" name="Create Runnable Jar for Project miniCAD with libraries in sub-folder">
    <!--this file was created by Eclipse Runnable JAR Export Wizard-->
    <!--ANT 1.7 is required                                        -->
    <target name="create_run_jar">
        <jar destfile="C:/Users/LK/Desktop/miniCAD.jar">
            <manifest>
                <attribute name="Main-Class" value="miniCAD.BoardFrame"/>
                <attribute name="Class-Path" value="."/>
            </manifest>
            <fileset dir="E:/Eclipse Projects/miniCAD/bin"/>
        </jar>
        <delete dir="C:/Users/LK/Desktop/miniCAD_lib"/>
        <mkdir dir="C:/Users/LK/Desktop/miniCAD_lib"/>
    </target>
</project>
